lang,algorithm,operation,bits,k_per_round,session_limit_s,rc,converged,readings,warmup_readings,mean_us,ci90_width_us,ci90_half_perc,ci95_width_us,session_s,wall_s
python,rsa,keygen,512,20,30,0,1,232,0,81524.7,6793.56,4.17,8115.21,21.00,21.0
python,rsa,keygen,1024,10,60,13,0,91,0,542882,84821.5,7.81,101394,60.72,60.7
python,rsa,keygen,2048,5,120,13,0,21,0,4.55478e+06,nan,nan,5.17767e+06,137.83,137.8
python,rsa,encrypt,512,500,30,0,1,60,0,16.4109,0.3209,0.98,0.386266,0.11,0.1
python,rsa,encrypt,1024,200,30,0,1,30,0,40.787,0.524754,0.64,0.631643,0.46,0.5
python,rsa,encrypt,2048,100,60,0,1,30,0,116.782,0.62778,0.27,0.755655,3.94,3.9
python,rsa,decrypt,512,500,30,0,1,60,0,907.401,17.4966,0.96,21.0608,0.57,0.6
python,rsa,decrypt,1024,200,30,0,1,40,0,4970.99,24.6566,0.25,29.6003,1.45,1.5
python,rsa,decrypt,2048,100,60,0,1,152,138,31407.8,49.1438,0.08,58.6694,21.46,21.5
python,elgamal,keygen,512,20,30,13,0,101,0,273845,42693,7.80,51339.2,34.48,34.5
python,elgamal,keygen,1024,10,60,13,0,21,0,2.34209e+06,nan,nan,1.13762e+06,87.41,87.4
python,elgamal,keygen,2048,5,600,13,0,21,0,2.37273e+07,1.35577e+07,28.57,1.63974e+07,646.27,646.3
python,elgamal,encrypt,512,500,30,0,1,30,0,1789.38,15.382,0.43,18.5151,1.25,1.3
python,elgamal,encrypt,1024,200,30,0,1,45,0,10311.6,68.4284,0.33,82.0765,4.50,4.5
python,elgamal,encrypt,2048,100,60,0,1,30,0,63414.4,385.036,0.30,463.471,45.99,46.0
python,elgamal,decrypt,512,500,30,0,1,30,0,885.515,2.42713,0.14,2.92152,0.79,0.8
python,elgamal,decrypt,1024,200,30,0,1,39,0,5356.67,102.951,0.96,123.618,3.52,3.5
python,elgamal,decrypt,2048,100,60,0,1,30,0,31478.9,165.596,0.26,199.318,42.74,42.7
python,rabin,keygen,512,20,30,13,0,121,0,196386,30677.5,7.81,36641.8,30.12,30.1
python,rabin,keygen,1024,10,60,13,0,31,0,1.29284e+06,382059,14.78,465242,60.26,60.3
python,rabin,keygen,2048,5,600,13,0,51,0,1.03967e+07,3.39873e+06,16.35,4.07335e+06,647.65,647.7
python,rabin,encrypt,512,500,30,0,1,86,0,2.99807,0.249409,4.16,0.298195,0.22,0.2
python,rabin,encrypt,1024,200,30,0,1,30,0,7.25067,0.587731,4.05,0.707448,0.71,0.7
python,rabin,encrypt,2048,100,60,0,1,60,0,20.8078,0.314648,0.76,0.37874,15.63,15.6
python,rabin,decrypt,512,500,30,0,1,107,0,546.735,0.785789,0.07,0.93886,0.49,0.5
python,rabin,decrypt,1024,200,30,0,1,46,0,2008.53,6.9756,0.17,8.36605,1.12,1.1
python,rabin,decrypt,2048,100,60,0,1,30,0,10805.4,235.436,1.09,283.391,16.88,16.9
python,paillier,keygen,512,20,30,0,1,179,0,86964.9,7262.32,4.18,8667.48,16.44,16.4
python,paillier,keygen,1024,10,60,13,0,101,0,524425,72795.1,6.94,86989.7,65.52,65.5
python,paillier,keygen,2048,5,120,13,0,21,0,4.47753e+06,nan,nan,1.61593e+06,140.21,140.2
python,paillier,encrypt,512,500,30,0,1,120,0,2578.47,29.0526,0.56,34.9705,1.41,1.4
python,paillier,encrypt,1024,200,30,0,1,30,0,15619.6,47.6578,0.15,57.3677,3.60,3.6
python,paillier,encrypt,2048,100,60,0,1,79,0,108423,2764.84,1.28,3306.65,15.01,15.0
python,paillier,decrypt,512,500,30,0,1,30,0,2451.63,12.4632,0.25,15.0016,1.33,1.3
python,paillier,decrypt,1024,200,30,0,1,30,0,15576.7,46.4075,0.15,55.8591,3.61,3.6
python,paillier,decrypt,2048,100,60,0,1,34,0,106207,219.247,0.10,263.601,14.82,14.8
python,ss,keygen,512,20,30,0,1,237,0,84054.7,7022.1,4.18,8377.46,21.28,21.3
python,ss,keygen,1024,10,60,13,0,101,0,505002,70894.3,7.02,84718.3,60.60,60.6
python,ss,keygen,2048,5,120,13,0,21,0,4.53263e+06,1.58098e+06,17.44,1.91212e+06,130.27,130.3
python,ss,encrypt,512,500,30,0,1,30,0,2349.11,38.8661,0.83,46.7829,1.27,1.3
python,ss,encrypt,1024,200,30,0,1,60,0,14713.8,143.942,0.49,173.264,3.41,3.4
python,ss,encrypt,2048,100,60,0,1,60,0,97600.7,344.684,0.18,414.863,13.79,13.8
python,ss,decrypt,512,500,30,0,1,30,0,962.121,9.09295,0.47,10.9448,0.65,0.7
python,ss,decrypt,1024,200,30,0,1,30,0,5031.22,11.6631,0.12,14.0394,1.57,1.6
python,ss,decrypt,2048,100,60,0,1,30,0,30919.6,154.838,0.25,186.387,7.14,7.1
python,cocks,keygen,512,20,30,0,1,127,0,78432.9,6533.33,4.16,7802.64,11.60,11.6
python,cocks,keygen,1024,10,60,13,0,101,0,506991,56168.5,5.54,67325.5,61.18,61.2
python,cocks,keygen,2048,5,120,13,0,16,0,5.82868e+06,3.36611e+06,28.88,4.0927e+06,123.71,123.7
python,cocks,encrypt,512,500,30,0,1,30,0,949.81,25.6779,1.35,30.9089,0.57,0.6
python,cocks,encrypt,1024,200,30,0,1,30,0,4904.54,31.6648,0.32,38.1151,1.53,1.5
python,cocks,encrypt,2048,100,60,0,1,32,0,30827.9,45.3453,0.07,54.5402,7.10,7.1
python,cocks,decrypt,512,500,30,0,1,30,0,213.23,0.755193,0.18,0.909022,0.20,0.2
python,cocks,decrypt,1024,200,30,0,1,30,0,924.996,0.948732,0.05,1.14198,0.64,0.6
python,cocks,decrypt,2048,100,60,0,1,30,0,5178.06,13.4555,0.13,16.1961,4.48,4.5
julia,rsa,keygen,512,20,30,13,0,157,0,114930,9284.41,4.04,11220.7,30.00,30.0
julia,rsa,keygen,1024,10,60,13,0,111,0,360250,37477.6,5.20,45020.6,61.01,61.1
julia,rsa,keygen,2048,5,120,13,0,52,0,1.45785e+06,392131,13.45,469912,120.36,120.4
julia,rsa,encrypt,512,500,30,0,1,38,30,10.4771,0.141186,0.67,0.169564,1.63,1.7
julia,rsa,encrypt,1024,200,30,0,1,51,111,13.6368,0.134689,0.49,0.161423,2.32,2.4
julia,rsa,encrypt,2048,100,60,0,1,30,30,24.65,0.618777,1.26,0.744818,2.17,2.2
julia,rsa,decrypt,512,500,30,0,1,43,30,377.987,30.7866,4.07,36.9391,1.71,1.7
julia,rsa,decrypt,1024,200,30,0,1,30,0,1237.88,21.082,0.85,25.3768,2.32,2.4
julia,rsa,decrypt,2048,100,60,13,0,949,952,8563.41,1272.53,7.43,1516.77,61.61,61.7
julia,elgamal,keygen,512,20,30,13,0,103,0,201463,37383.5,9.28,44670.5,30.14,30.2
julia,elgamal,keygen,1024,10,60,13,0,50,0,899082,273525,15.21,332566,61.18,61.2
julia,elgamal,keygen,2048,5,120,13,0,20,0,4.43237e+06,1.98191e+06,22.36,2.399e+06,127.33,127.4
julia,elgamal,encrypt,512,500,30,0,1,41,0,769.464,36.6036,2.38,43.9344,2.10,2.1
julia,elgamal,encrypt,1024,200,30,13,0,1279,722,5165.74,1024.89,9.92,1221.5,30.94,31.0
julia,elgamal,encrypt,2048,100,60,13,0,90,111,14756.5,6647.21,22.52,7946.22,67.20,67.2
julia,elgamal,decrypt,512,500,30,0,1,60,0,375.338,3.001,0.40,3.61228,2.18,2.2
julia,elgamal,decrypt,1024,200,30,0,1,30,0,1215.27,18.3062,0.75,22.0348,1.79,1.8
julia,elgamal,decrypt,2048,100,60,0,1,30,0,5201.61,162.953,1.57,196.146,21.60,21.7
julia,rabin,keygen,512,20,30,13,0,81,0,282056,56505.6,10.02,67572.9,31.07,31.1
julia,rabin,keygen,1024,10,60,13,0,54,0,874254,209433,11.98,250920,60.94,61.0
julia,rabin,keygen,2048,5,120,13,0,29,0,3.05159e+06,1.05888e+06,17.35,1.27504e+06,120.28,120.3
julia,rabin,encrypt,512,500,30,0,1,118,30,2.95447,0.246069,4.16,0.293927,1.76,1.8
julia,rabin,encrypt,1024,200,30,0,1,60,30,3.36245,0.163234,2.43,0.196484,2.67,2.7
julia,rabin,encrypt,2048,100,60,0,1,144,0,5.37853,0.445624,4.14,0.534278,4.44,4.5
julia,rabin,decrypt,512,500,30,0,1,33,30,450.768,14.4179,1.60,17.3377,1.92,2.0
julia,rabin,decrypt,1024,200,30,0,1,38,30,1007.96,5.18095,0.26,6.22278,2.72,2.8
julia,rabin,decrypt,2048,100,60,13,0,1203,798,6694.51,1388.96,10.37,1655.45,61.71,61.8
julia,paillier,keygen,512,20,30,13,0,148,0,121037,14327.5,5.92,17139.7,30.08,30.1
julia,paillier,keygen,1024,10,60,13,0,101,0,414460,58759.4,7.09,70431.2,62.26,62.3
julia,paillier,keygen,2048,5,120,13,0,48,0,1.84908e+06,481455,13.02,577238,120.37,120.4
julia,paillier,encrypt,512,500,30,0,1,48,85,668.585,32.1641,2.41,38.5626,1.82,1.8
julia,paillier,encrypt,1024,200,30,13,0,944,776,4816.78,1061.47,11.02,1265.2,30.02,30.1
julia,paillier,encrypt,2048,100,60,0,1,799,0,19541.1,1638.28,4.19,1952.82,33.90,33.9
julia,paillier,decrypt,512,500,30,0,1,36,0,613.095,29.9577,2.44,35.9957,1.54,1.6
julia,paillier,decrypt,1024,200,30,13,0,1131,592,4829.61,971.74,10.06,1158.19,30.00,30.0
julia,paillier,decrypt,2048,100,60,0,1,797,0,19093.9,1601.32,4.19,1908.77,33.90,33.9
julia,ss,keygen,512,20,30,13,0,147,0,122456,13930.1,5.69,16699.2,30.02,30.1
julia,ss,keygen,1024,10,60,13,0,99,0,428403,58751.4,6.86,70649.8,60.01,60.1
julia,ss,keygen,2048,5,120,13,0,51,0,1.74485e+06,460629,13.20,552060,122.24,122.3
julia,ss,encrypt,512,500,30,0,1,41,0,718.254,59.6316,4.15,71.5741,1.61,1.6
julia,ss,encrypt,1024,200,30,13,0,1031,576,5283.35,1218.64,11.53,1452.5,30.02,30.1
julia,ss,encrypt,2048,100,60,0,1,865,100,19130,1604.35,4.19,1912.32,41.17,41.2
julia,ss,decrypt,512,500,30,0,1,30,0,393.344,27.9345,3.55,33.6246,1.59,1.6
julia,ss,decrypt,1024,200,30,0,1,30,0,1233.14,22.3952,0.91,26.957,2.36,2.4
julia,ss,decrypt,2048,100,60,13,0,332,1514,9038.27,2218.16,12.27,2645.37,60.00,60.1
julia,cocks,keygen,512,20,30,13,0,147,0,122300,15376.1,6.29,18475.2,30.05,30.1
julia,cocks,keygen,1024,10,60,13,0,108,0,381041,57528.6,7.55,68733.4,60.56,60.6
julia,cocks,keygen,2048,5,120,13,0,51,0,1.71142e+06,406588,11.88,487292,121.46,121.5
julia,cocks,encrypt,512,500,30,13,0,79,5426,2314,3809.94,82.32,4556.58,30.00,30.1
julia,cocks,encrypt,1024,200,30,0,1,30,30,1208.89,32.1099,1.33,38.6506,2.56,2.6
julia,cocks,encrypt,2048,100,60,13,0,687,1214,8511.65,1479.67,8.69,1763.87,60.60,60.7
julia,cocks,decrypt,512,500,30,0,1,37,1381,144.999,7.33207,2.53,8.80777,5.76,5.8
julia,cocks,decrypt,1024,200,30,0,1,30,0,414.107,10.3556,1.25,12.465,2.44,2.5
julia,cocks,decrypt,2048,100,60,0,1,31,202,1231.85,71.7754,2.91,86.3657,7.17,7.2
